STATE,STATE_ABV,TOTAL_BALLOTS_COUNTED,VOTE_FOR_HIGHEST_OFFICE,SOURCE,VAP,NONCITIZEN_PCT,INELIGIBLE_PRISON,INELIGIBLE_PROBATION,INELIGIBLE_PAROLE,INELIGIBLE_FELONS_TOTAL,ELIGIBLE_OVERSEAS,VEP,VEP_TURNOUT_RATE,VAP_TURNOUT_RATE
United States,,"118,581,921","117,069,210",,"253,979,028",7.50%,"1,356,822","1,188,516","438,200","2,983,538","4,971,025","236,918,088",50.05%,46.69%
Alabama,AL,"1,721,906","1,719,589",https://www.sos.alabama.gov/sites/default/files/voter-pdfs/2018/2018-Official-General-Election-Results-Certified-2018-11-27.pdf,"3,802,178",2.30%,"25,907","29,068","10,266","65,241",,"3,649,487",47.18%,45.29%
Alaska,AK,"285,009","283,134",http://www.elections.alaska.gov/results/18GENR/,"552,149",3.51%,"4,295","1,182","1,348","6,825",,"525,944",54.19%,51.62%
Arizona,AZ,"2,409,910","2,384,308",https://azsos.gov/sites/default/files/2018%201203%20Signed%20Official%20Statewide%20Canvass.pdf,"5,559,776",7.87%,"38,571","43,801","7,536","89,908",,"5,032,314",47.89%,43.35%
Arkansas,AR,"898,793","891,509",https://results.enr.clarityelections.com/AR/92174/Web02-state.220747/#/,"2,310,569",3.64%,"17,518","20,930","24,698","63,146",,"2,163,318",41.55%,38.90%
California,CA,"12,712,542","12,464,235",https://www.sos.ca.gov/elections/prior-elections/statewide-election-results/general-election-november-6-2018/statement-vote/,"30,532,421",14.57%,"104,730",0,0,"104,730",,"25,979,117",48.93%,41.64%
Colorado,CO,"2,583,580","2,525,062",https://results.enr.clarityelections.com/CO/91808/Web02-state.220747/#/,"4,451,426",5.83%,"18,914",0,10759,"29,673",,"4,162,235",62.07%,58.04%
Connecticut,CT,"1,421,953","1,406,803",https://ctemspublic.pcctg.net/#/home,"2,836,517",7.59%,"13,314",0,4452,"17,766",,"2,603,459",54.62%,50.13%
Delaware,DE,"365,467","362,592",https://elections.delaware.gov/results/html/election.shtml,"764,575",5.13%,"5,885","8,080",350,"14,315",,"711,038",51.40%,47.80%
District of Columbia,DC,"231,482","224,658",https://electionresults.dcboe.org/election_results/2018-General-Election,"575,793",7.65%,0,0,0,0,,"531,745",43.53%,40.20%
Florida,FL,"8,318,824","8,220,561",https://floridaelectionwatch.gov/Home,"17,097,477",9.36%,"91,765","116,869","4,345","212,979",,"15,284,174",54.43%,48.66%
Georgia,GA,"3,949,905","3,939,328",https://results.enr.clarityelections.com/GA/91639/Web02-state.220747/#/,"8,040,683",5.94%,"50,963","237,559","20,426","308,948",,"7,254,119",54.45%,49.12%
Hawaii,HI,"398,657","390,843",https://elections.hawaii.gov/election-results/,"1,117,235",8.21%,"5,007",0,0,"5,007",,"1,020,503",39.06%,35.68%
Idaho,ID,"612,536","605,131",https://sos.idaho.gov/elect/results/2018/General/statewide_totals.html,"1,316,753",4.00%,"8,378","19,603","5,267","33,248",,"1,230,835",49.77%,46.52%
Illinois,IL,"4,635,541","4,570,842",https://www.elections.il.gov/Downloads/ElectionInformation/VoteTotals/2018GEOfficialVote.pdf,"9,863,329",7.94%,"38,464",0,0,"38,464",,"9,041,717",51.27%,47.00%
Indiana,IN,"2,308,258","2,282,565",https://indianaenr.blob.core.usgovcloudapi.net/site/index.html,"5,137,998",3.65%,"26,330",0,0,"26,330",,"4,924,131",46.88%,44.93%
Iowa,IA,"1,334,279","1,327,638",https://results.enr.clarityelections.com/IA/91323/Web02-state.220747/#/,"2,422,272",3.12%,"9,219","16,608","6,652","32,479",,"2,314,218",57.66%,55.08%
Kansas,KS,"1,060,000","1,055,566",https://www.kssos.org/elections/18elec/2018_General_Election_Official_Votes_Cast.pdf,"2,208,263",4.67%,"9,882","9,379","5,438","24,699",,"2,080,438",50.95%,48.00%
Kentucky,KY,"1,612,353","1,569,798",https://elect.ky.gov/results/2010-2019/Documents/2018GeneralElectionCertified.pdf,"3,457,567",2.53%,"23,280","26,771","15,881","65,932",,"3,304,159",48.80%,46.63%
Louisiana,LA,"1,519,405","1,460,585",https://voterportal.sos.la.gov/Graphical,"3,562,345",2.88%,"32,281","19,964","29,321","81,566",,"3,378,184",44.98%,42.65%
Maine,ME,"646,013","634,409",https://www.maine.gov/sos/cec/elec/results/index.html,"1,090,959",1.92%,0,0,0,0,,"1,070,013",60.37%,59.22%
Maryland,MD,"2,335,128","2,304,512",https://elections.maryland.gov/press_room/index.html,"4,701,240",8.07%,18181,0,0,"18,181",,"4,303,669",54.26%,49.67%
Massachusetts,MA,"2,752,665","2,707,090",http://www.sec.state.ma.us/ele/elepdf/2018_Return_of_Votes.pdf,"5,525,134",8.92%,"7,772",0,0,"7,772",,"5,024,520",54.78%,49.82%
Michigan,MI,"4,341,340","4,250,585",https://mielections.us/election/results/2018GEN_CENR.html,"7,828,901",3.27%,"38,218",0,0,"38,218",,"7,534,678",57.62%,55.45%
Minnesota,MN,"2,611,365","2,596,879",https://electionresults.sos.state.mn.us/20181106,"4,314,700",4.02%,"9,717","57,043","7,381","74,141",,"4,067,108",64.21%,60.52%
Mississippi,MS,"961,025","936,215",http://www.sos.ms.gov/Elections-Voting/Pages/2018-General-Election.aspx,"2,275,427",1.40%,"19,258","15,558","9,866","44,682",,"2,198,889",43.71%,42.23%
Missouri,MO,"2,442,306","2,442,289",https://enr.sos.mo.gov/,"4,752,240",2.28%,"30,151","25,006","19,251","74,408",,"4,569,481",53.45%,51.39%
Montana,MT,"509,213","504,384",https://sosmt.gov/wp-content/uploads/2018GeneralReportStateCanvass.pdf,"834,674",1.35%,"3,754",0,0,"3,754",,"819,652",62.13%,61.01%
Nebraska,NE,"706,652","698,417",https://electionresults.sos.ne.gov/,"1,452,363",4.74%,"5,266","8,490",958,"14,714",,"1,368,807",51.63%,48.66%
Nevada,NV,"975,980","972,132",http://www.silverstateelection.com/,"2,355,238",10.34%,"12,420",7558.2,6492,"26,470",,"2,085,237",46.80%,41.44%
New Hampshire,NH,"580,568","573,608",http://sos.nh.gov/18GenResults.aspx,"1,098,605",2.60%,"2,635",0,0,"2,635",,"1,067,406",54.39%,52.85%
New Jersey,NJ,"3,248,642","3,169,310",https://www.njelections.org/election-information-archive-2018.html,"6,937,759",11.22%,"18,099",74867.79,14967,"107,934",,"6,051,408",53.68%,46.83%
New Mexico,NM,"701,654","696,459",http://electionresults.sos.state.nm.us/,"1,614,275",5.97%,"6,887","6,891","2,805","16,583",,"1,501,320",46.74%,43.47%
New York,NY,"6,230,959","6,104,477",https://www.elections.ny.gov/2018ElectionResults.html,"15,448,193",10.32%,"42,472",0,45192,"87,664",,"13,766,275",45.26%,40.33%
North Carolina,NC,"3,755,778","3,693,104",https://er.ncsbe.gov/?election_dt=11/06/2018&county_id=0&office=FED&contest=0,"8,115,658",5.37%,"33,700",45638.76,14215,"93,554",,"7,586,293",49.51%,46.28%
North Dakota,ND,"330,598","326,138",https://results.sos.nd.gov/Default.aspx?map=Cty,"580,647",2.66%,"1,679",0,0,"1,679",,"563,523",58.67%,56.94%
Ohio,OH,"4,496,834","4,429,582",https://www.sos.state.oh.us/elections/election-results-and-data/2018-official-elections-results/,"9,092,226",2.54%,"49,932",0,0,"49,932",,"8,811,352",51.03%,49.46%
Oklahoma,OK,"1,190,000","1,186,385",https://www.ok.gov/elections/support/20181106_seb.html,"2,992,026",4.12%,"27,572","23,690","1,780","53,042",,"2,815,712",42.26%,39.77%
Oregon,OR,"1,914,923","1,866,997",https://sos.oregon.gov/voting/Pages/current-election.aspx,"3,325,599",5.53%,"13,795",0,0,"13,795",,"3,127,898",61.22%,57.58%
Pennsylvania,PA,"5,043,029","5,012,555",https://www.electionreturns.pa.gov/,"10,155,993",3.61%,"44,162",0,0,"44,162",,"9,745,199",51.75%,49.66%
Rhode Island,RI,"381,267","376,738",https://www.ri.gov/election/results/2018/general_election/,"853,159",6.75%,"2,767",0,0,"2,767",,"792,803",48.09%,44.69%
South Carolina,SC,"1,726,527","1,707,569",https://www.enr-scvotes.org/SC/92124/Web02-state.220747/#/,"3,997,248",3.29%,"18,613","18,226","4,980","41,819",,"3,823,919",45.15%,43.19%
South Dakota,SD,"341,048","339,214",https://sdsos.gov/elections-voting/election-resources/election-history/2018_Election_History.aspx,"664,037",2.22%,"3,867",0,"3,201","7,068",,"642,227",53.10%,51.36%
Tennessee,TN,"2,267,428","2,243,740",https://sos.tn.gov/products/elections/election-results#2018,"5,281,898",3.48%,"26,120","34,914","10,842","71,876",,"5,026,212",45.11%,42.93%
Texas,TX,"8,375,000","8,371,655",https://elections.sos.state.tx.us/elchist331_state.htm,"21,367,177",12.21%,"154,935","209,855","109,213","474,003",,"18,284,242",45.80%,39.20%
Utah,UT,"1,082,972","1,065,630",https://elections.utah.gov/Media/Default/2018%20Election/2018%20General%20Election%20Canvass.pdf,"2,240,839",5.90%,"6,288",0,0,"6,288",,"2,102,342",51.51%,48.33%
Vermont,VT,"278,230","274,087",https://vtelectionresults.sec.state.vt.us/Index.html#/,"509,304",1.97%,0,0,0,0,,"499,271",55.73%,54.63%
Virginia,VA,"3,363,505","3,351,373",https://results.elections.virginia.gov/vaelections/2018%20November%20General/Site/Congress.html,"6,648,405",6.01%,"35,754","35,973","1,860","73,587",,"6,175,249",54.47%,50.59%
Washington,WA,"3,133,448","3,086,168",https://results.vote.wa.gov/results/current/,"5,894,441",8.80%,"18,787","43,703","12,222","74,712",,"5,301,018",59.11%,53.16%
West Virginia,WV,"597,149","586,034",https://results.enr.clarityelections.com/WV/92360/Web02-state.216038/#/,"1,437,430",0.90%,"6,757","3,758","4,287","14,802",,"1,409,691",42.36%,41.54%
Wisconsin,WI,"2,675,000","2,673,308",https://elections.wi.gov/node/6300,"4,540,190",3.05%,"23,595","24,458","21,015","69,068",,"4,332,646",61.74%,58.92%
Wyoming,WY,"205,275","203,420",https://soswy.state.wy.us/Elections/Docs/2018/2018GeneralResults.aspx,"443,716",2.51%,"2,488","3,068",934,"6,490",,"426,089",48.18%,46.26%
